<TICKER>,<PER>,<DATE>,<TIME>,<OPEN>,<HIGH>,<LOW>,<CLOSE>,<VOL>
INDEX.CSI300,D,20210104,190000,5212.9313,5284.3687,5190.9995,5267.7181,2429
INDEX.CSI300,D,20210105,190000,5245.8355,5368.5049,5234.3838,5368.5049,2772
INDEX.CSI300,D,20210106,190000,5386.5144,5433.4694,5341.7409,5417.6677,2999
INDEX.CSI300,D,20210107,190000,5428.3944,5513.6568,5413.7121,5513.6568,2326
INDEX.CSI300,D,20210108,190000,5526.2876,5546.5955,5442.6939,5495.4306,2292
INDEX.CSI300,D,20210111,190000,5504.2358,5555.6916,5412.5046,5441.1583,2874
INDEX.CSI300,D,20210112,190000,5419.4996,5596.3525,5417.6272,5596.3525,2915
INDEX.CSI300,D,20210113,190000,5609.2637,5644.7195,5535.3828,5577.9711,2929
INDEX.CSI300,D,20210114,190000,5556.2125,5566.9991,5458.6818,5470.4563,2567
INDEX.CSI300,D,20210115,190000,5471.391,5500.5344,5390.3148,5458.0812,2435
INDEX.CSI300,D,20210118,190000,5438.1618,5541.4613,5410.9208,5518.5205,2771
INDEX.CSI300,D,20210119,190000,5525.969,5532.0759,5416.1066,5437.5234,2416
INDEX.CSI300,D,20210120,190000,5439.9111,5495.9311,5426.6962,5476.4336,2510
INDEX.CSI300,D,20210121,190000,5492.9587,5592.9696,5490.9415,5564.9693,2331
INDEX.CSI300,D,20210122,190000,5562.379,5573.6256,5513.8769,5569.776,2940
INDEX.CSI300,D,20210125,190000,5564.1237,5655.4286,5543.4347,5625.9232,2365
INDEX.CSI300,D,20210126,190000,5600.9017,5600.9017,5506.2201,5512.9678,2519
INDEX.CSI300,D,20210127,190000,5505.7708,5534.9928,5449.6385,5528.0034,2707
INDEX.CSI300,D,20210128,190000,5450.3695,5461.95,5361.0681,5377.1427,2786
INDEX.CSI300,D,20210129,190000,5413.9684,5430.2015,5288.0955,5351.9646,2556
INDEX.CSI300,D,20210201,190000,5356.8535,5422.299,5342.1498,5417.6484,2909
INDEX.CSI300,D,20210202,190000,5429.7032,5502.9989,5411.5759,5501.0915,2836
INDEX.CSI300,D,20210203,190000,5499.2961,5532.6159,5473.1689,5485.2008,2820
INDEX.CSI300,D,20210204,190000,5453.9764,5510.0535,5411.7893,5473.9475,2850
INDEX.CSI300,D,20210205,190000,5494.7011,5550.7687,5477.8315,5483.414,2920
INDEX.CSI300,D,20210208,190000,5506.1423,5576.4908,5479.9076,5564.5618,2638
INDEX.CSI300,D,20210209,190000,5584.165,5686.2502,5555.0537,5686.2502,2601
INDEX.CSI300,D,20210210,190000,5709.684,5823.3053,5707.3295,5807.7191,2382
INDEX.CSI300,D,20210218,190000,5922.0714,5930.8375,5747.6631,5768.3814,2884
INDEX.CSI300,D,20210219,190000,5734.0193,5787.8111,5667.6283,5778.842,2875
INDEX.CSI300,D,20210222,190000,5785.5097,5785.5097,5597.3327,5597.3327,2605
INDEX.CSI300,D,20210223,190000,5542.6841,5644.5355,5541.1092,5579.6681,2862
INDEX.CSI300,D,20210224,190000,5591.4795,5598.6677,5379.8349,5437.5683,2285
INDEX.CSI300,D,20210225,190000,5494.4706,5527.5272,5444.1646,5469.5584,2978
INDEX.CSI300,D,20210226,190000,5343.9041,5415.9625,5318.9038,5336.7609,2555
INDEX.CSI300,D,20210301,190000,5389.2499,5421.399,5345.9449,5418.7837,2684
INDEX.CSI300,D,20210302,190000,5453.2847,5454.9687,5305.1924,5349.6301,2431
INDEX.CSI300,D,20210303,190000,5327.3467,5452.396,5316.4809,5452.2125,2624
INDEX.CSI300,D,20210304,190000,5388.4785,5392.3725,5254.881,5280.7058,2889
INDEX.CSI300,D,20210305,190000,5191.9699,5307.5389,5174.2458,5262.7958,2649
INDEX.CSI300,D,20210308,190000,5299.7907,5326.033,5079.7984,5080.0246,2660
INDEX.CSI300,D,20210309,190000,5066.1546,5094.2965,4917.909,4970.9994,2744
INDEX.CSI300,D,20210310,190000,5047.0589,5055.1054,4981.796,5003.6121,2828
INDEX.CSI300,D,20210311,190000,5024.5586,5138.1918,5020.7109,5128.2156,2610
INDEX.CSI300,D,20210312,190000,5153.674,5153.674,5086.9146,5146.3786,2408
INDEX.CSI300,D,20210315,190000,5116.1228,5120.5273,4992.4154,5035.5441,2617
INDEX.CSI300,D,20210316,190000,5054.4089,5084.0995,5010.4071,5079.3624,2383
INDEX.CSI300,D,20210317,190000,5062.7706,5123.5452,5020.1255,5100.8581,2571
INDEX.CSI300,D,20210318,190000,5114.5872,5160.3553,5111.1294,5141.7681,2442
INDEX.CSI300,D,20210319,190000,5068.5319,5089.7779,4980.85,5007.0907,2316
INDEX.CSI300,D,20210322,190000,5008.3953,5071.3378,4996.541,5057.152,2728
INDEX.CSI300,D,20210323,190000,5057.0632,5063.9892,4966.534,5009.2459,2612
INDEX.CSI300,D,20210324,190000,4985.4013,5024.3274,4919.8932,4928.6853,2880
INDEX.CSI300,D,20210325,190000,4904.0683,4950.7608,4883.6615,4926.3469,3016
INDEX.CSI300,D,20210326,190000,4953.9453,5050.5728,4953.9453,5037.9899,2793
INDEX.CSI300,D,20210329,190000,5052.2634,5086.3564,5010.4163,5046.8773,2430
INDEX.CSI300,D,20210330,190000,5043.0952,5105.7339,5032.9113,5094.7291,2660
INDEX.CSI300,D,20210331,190000,5085.9497,5085.9497,5015.607,5048.3607,2574
INDEX.CSI300,D,20210401,190000,5059.9359,5115.3358,5057.6834,5110.7768,2905
INDEX.CSI300,D,20210402,190000,5129.8545,5169.5814,5116.5164,5161.5569,2313
INDEX.CSI300,D,20210406,190000,5178.6401,5180.7039,5125.3358,5140.3418,2276
INDEX.CSI300,D,20210407,190000,5141.6556,5141.6556,5065.2451,5103.7428,2870
INDEX.CSI300,D,20210408,190000,5078.2627,5128.9431,5062.0725,5112.2086,2915
INDEX.CSI300,D,20210409,190000,5100.0422,5100.0422,5022.3861,5035.3374,2412
INDEX.CSI300,D,20210412,190000,5026.9791,5045.6018,4933.0426,4947.7459,2531
INDEX.CSI300,D,20210413,190000,4949.8074,4994.2783,4924.2559,4939.6438,2592
INDEX.CSI300,D,20210414,190000,4945.6857,4987.1191,4940.2686,4980.6279,2515
INDEX.CSI300,D,20210415,190000,4969.9099,4969.9099,4900.3494,4948.9741,2174
INDEX.CSI300,D,20210416,190000,4966.8999,4979.0907,4918.117,4966.1811,2268
INDEX.CSI300,D,20210419,190000,4966.409,5088.2067,4941.0492,5087.0165,2309
INDEX.CSI300,D,20210420,190000,5065.7757,5119.7308,5059.246,5083.3654,2763
INDEX.CSI300,D,20210421,190000,5055.2398,5110.3826,5048.1177,5098.7449,2750
INDEX.CSI300,D,20210422,190000,5114.2799,5118.9817,5067.2166,5089.2435,2921
INDEX.CSI300,D,20210423,190000,5088.8263,5149.9825,5086.7617,5135.4534,2855
INDEX.CSI300,D,20210426,190000,5156.5941,5181.1066,5073.0499,5077.2372,2851
INDEX.CSI300,D,20210427,190000,5076.6415,5095.9842,5042.6099,5090.5195,2801
INDEX.CSI300,D,20210428,190000,5073.9728,5119.2421,5059.4636,5119.2421,2311
INDEX.CSI300,D,20210429,190000,5128.2795,5170.4708,5113.6484,5164.1692,2581
INDEX.CSI300,D,20210430,190000,5156.3557,5162.9915,5094.9285,5123.489,2832
INDEX.CSI300,D,20210506,190000,5098.8006,5132.8216,5037.4083,5061.1244,2101
INDEX.CSI300,D,20210507,190000,5073.4554,5093.7471,4996.0527,4996.0527,2197
INDEX.CSI300,D,20210510,190000,5001.4371,5019.3055,4953.7171,4992.422,2816
INDEX.CSI300,D,20210511,190000,4956.0794,5033.4938,4925.9152,5023.0595,2733
INDEX.CSI300,D,20210512,190000,5003.8171,5051.1419,4995.5236,5044.5481,2432
INDEX.CSI300,D,20210513,190000,4992.3519,5022.0836,4975.4462,4992.9738,2617
INDEX.CSI300,D,20210514,190000,5007.6286,5112.832,4981.3924,5110.5901,2362
INDEX.CSI300,D,20210517,190000,5115.3063,5206.6947,5115.3063,5184.9853,1451
INDEX.CSI300,D,20210518,190000,5190.9345,5201.6721,5156.7924,5187.6013,2341
INDEX.CSI300,D,20210519,190000,5173.1666,5193.5574,5151.887,5172.272,2124
INDEX.CSI300,D,20210520,190000,5167.0546,5201.5911,5152.0846,5186.412,2156
INDEX.CSI300,D,20210521,190000,5199.1285,5216.1615,5123.1835,5134.1483,2608
INDEX.CSI300,D,20210524,190000,5138.8149,5155.5875,5092.7429,5155.5875,2761
INDEX.CSI300,D,20210525,190000,5165.0361,5324.2491,5161.6751,5318.478,2361
INDEX.CSI300,D,20210526,190000,5326.1169,5344.2309,5308.8511,5320.5927,2868
INDEX.CSI300,D,20210527,190000,5311.3726,5378.4764,5286.05,5338.2329,2324
INDEX.CSI300,D,20210528,190000,5338.7278,5360.2774,5288.6515,5321.0886,2665
INDEX.CSI300,D,20210531,190000,5318.0825,5331.6294,5281.6851,5331.5696,2377
INDEX.CSI300,D,20210601,190000,5320.4745,5343.7529,5269.259,5341.6798,2744
INDEX.CSI300,D,20210602,190000,5348.344,5352.1458,5266.8816,5289.9736,2610
INDEX.CSI300,D,20210603,190000,5285.7098,5314.3691,5255.1611,5255.2855,2306
INDEX.CSI300,D,20210604,190000,5228.2761,5334.4899,5221.2291,5282.2772,2832
INDEX.CSI300,D,20210607,190000,5284.8907,5286.4698,5243.0682,5277.6271,2381
INDEX.CSI300,D,20210608,190000,5276.9711,5319.0406,5201.1404,5232.1165,2958
INDEX.CSI300,D,20210609,190000,5224.9496,5253.1956,5215.6206,5236.4493,2507
INDEX.CSI300,D,20210610,190000,5236.4691,5299.5296,5229.5182,5271.4661,2500
INDEX.CSI300,D,20210611,190000,5275.7456,5276.1039,5213.6149,5224.703,2342
INDEX.CSI300,D,20210615,190000,5218.5648,5225.5021,5137.5295,5166.5597,2694
INDEX.CSI300,D,20210616,190000,5163.2493,5164.3478,5076.1635,5080.4909,2645
INDEX.CSI300,D,20210617,190000,5074.3839,5123.3651,5073.8211,5101.8924,2935
INDEX.CSI300,D,20210618,190000,5104.9297,5128.0309,5064.9208,5102.4657,2683
INDEX.CSI300,D,20210621,190000,5088.0893,5123.5791,5058.7652,5090.3854,2503
INDEX.CSI300,D,20210622,190000,5106.0743,5125.7997,5086.2984,5122.1583,2878
INDEX.CSI300,D,20210623,190000,5127.191,5171.033,5109.7571,5147.3938,2708
INDEX.CSI300,D,20210624,190000,5156.5638,5160.4346,5120.8256,5155.9738,2309
INDEX.CSI300,D,20210625,190000,5159.8017,5251.2661,5157.4758,5239.9684,3001
INDEX.CSI300,D,20210628,190000,5253.6081,5260.6372,5226.2201,5251.7604,2234
INDEX.CSI300,D,20210629,190000,5248.5249,5248.5249,5182.7958,5190.5445,2910
INDEX.CSI300,D,20210630,190000,5189.3797,5231.4262,5186.625,5224.041,2840
INDEX.CSI300,D,20210701,190000,5241.2039,5252.2316,5190.8762,5229.6642,2062
INDEX.CSI300,D,20210702,190000,5186.6613,5186.6613,5074.5165,5081.1172,1832
INDEX.CSI300,D,20210705,190000,5073.7787,5098.1823,5048.343,5085.7924,2042
INDEX.CSI300,D,20210706,190000,5089.778,5092.2066,5028.5275,5083.1043,2045
INDEX.CSI300,D,20210707,190000,5052.4204,5152.7453,5045.4889,5140.4899,1996
INDEX.CSI300,D,20210708,190000,5149.3095,5150.1406,5078.9295,5088.044,1833
INDEX.CSI300,D,20210709,190000,5063.148,5081.2629,5006.8366,5069.4361,1491
INDEX.CSI300,D,20210712,190000,5108.3783,5159.4115,5070.3188,5132.7088,2022
INDEX.CSI300,D,20210713,190000,5128.6138,5153.7415,5115.1017,5142.0991,1681
INDEX.CSI300,D,20210714,190000,5130.7522,5130.7522,5075.364,5083.0849,1833
INDEX.CSI300,D,20210715,190000,5073.2634,5153.3733,5067.6767,5151.4626,1938
INDEX.CSI300,D,20210716,190000,5140.904,5140.904,5090.7277,5094.7727,1479
INDEX.CSI300,D,20210719,190000,5083.7276,5120.4871,5047.6234,5113.4945,1935
INDEX.CSI300,D,20210720,190000,5080.2158,5112.5924,5068.0796,5108.9941,1567
INDEX.CSI300,D,20210721,190000,5122.7843,5160.4525,5122.6577,5144.0428,1752
INDEX.CSI300,D,20210722,190000,5150.3859,5170.9693,5137.9854,5151.7517,1632
INDEX.CSI300,D,20210723,190000,5145.4308,5145.4308,5079.9987,5089.2282,1977
INDEX.CSI300,D,20210726,190000,5067.3072,5067.3072,4860.1162,4925.299,1736
INDEX.CSI300,D,20210727,190000,4924.2816,4940.5088,4749.0327,4751.313,2024
INDEX.CSI300,D,20210728,190000,4714.2948,4785.6567,4665.0992,4760.4826,1530
INDEX.CSI300,D,20210729,190000,4845.7603,4857.2626,4800.0464,4850.2746,1818
INDEX.CSI300,D,20210730,190000,4825.7002,4825.7002,4761.3125,4811.1695,1728
INDEX.CSI300,D,20210802,190000,4794.8192,4938.8154,4762.0567,4933.736,1932
INDEX.CSI300,D,20210803,190000,4909.2325,4956.8648,4891.4749,4934.4583,1523
INDEX.CSI300,D,20210804,190000,4927.7358,4979.2141,4919.6569,4978.8479,1786
INDEX.CSI300,D,20210805,190000,4946.1668,4996.6852,4923.1208,4948.6703,1863
INDEX.CSI300,D,20210806,190000,4943.0427,4943.0516,4892.0845,4921.5647,2013
INDEX.CSI300,D,20210809,190000,4890.2573,5002.8944,4887.8459,4985.5627,1648
INDEX.CSI300,D,20210810,190000,4977.8164,5043.148,4941.2399,5043.148,1686
INDEX.CSI300,D,20210811,190000,5037.0819,5059.3692,5010.1707,5015.3406,1625
INDEX.CSI300,D,20210812,190000,4998.0733,5015.0549,4963.511,4973.3509,2007
INDEX.CSI300,D,20210813,190000,4958.7577,4993.6039,4921.5305,4945.9829,1926
INDEX.CSI300,D,20210816,190000,4935.9229,4973.1608,4931.458,4941.0676,1809
INDEX.CSI300,D,20210817,190000,4935.0044,4967.5446,4823.6432,4837.4034,1698
INDEX.CSI300,D,20210818,190000,4838.4706,4909.5409,4819.8587,4894.2384,1760
INDEX.CSI300,D,20210819,190000,4886.564,4893.0183,4839.6611,4862.1394,1934
INDEX.CSI300,D,20210820,190000,4817.4937,4833.9642,4720.8366,4769.2678,1755
INDEX.CSI300,D,20210823,190000,4777.7347,4843.7704,4764.7882,4835.8782,1556
INDEX.CSI300,D,20210824,190000,4844.5925,4906.122,4844.3321,4888.3902,1705
INDEX.CSI300,D,20210825,190000,4890.5211,4899.4092,4865.8186,4898.1572,1899
INDEX.CSI300,D,20210826,190000,4892.2044,4892.2044,4798.6954,4801.6094,1854
INDEX.CSI300,D,20210827,190000,4794.974,4863.3948,4794.974,4827.0433,2049
INDEX.CSI300,D,20210830,190000,4847.0348,4848.998,4787.2798,4813.2703,2147
INDEX.CSI300,D,20210831,190000,4803.0854,4821.7179,4740.7524,4805.6099,2714
INDEX.CSI300,D,20210901,190000,4804.6863,4906.4024,4763.8558,4869.4587,2644
INDEX.CSI300,D,20210902,190000,4865.8218,4892.5515,4845.6476,4869.4113,2555
INDEX.CSI300,D,20210903,190000,4875.0656,4886.3773,4828.8356,4843.0624,2449
INDEX.CSI300,D,20210906,190000,4841.0623,4944.4497,4837.8079,4933.7262,2755
INDEX.CSI300,D,20210907,190000,4932.9759,5005.5668,4915.9083,4992.8294,2816
INDEX.CSI300,D,20210908,190000,4986.7953,5013.0316,4955.8876,4972.1324,2211
INDEX.CSI300,D,20210909,190000,4952.4924,4970.147,4930.5257,4970.0133,2719
INDEX.CSI300,D,20210910,190000,4967.9759,5042.2401,4962.8654,5013.5219,2828
INDEX.CSI300,D,20210913,190000,5006.7748,5029.615,4965.127,4991.6598,2778
INDEX.CSI300,D,20210914,190000,4989.8348,5000.9772,4907.6684,4917.1617,2302
INDEX.CSI300,D,20210915,190000,4903.8471,4903.8471,4843.4587,4867.3187,2551
INDEX.CSI300,D,20210916,190000,4866.7936,4879.4594,4806.3076,4807.6978,2863
INDEX.CSI300,D,20210917,190000,4797.1129,4857.958,4786.2792,4855.9402,2738
INDEX.CSI300,D,20210922,190000,4770.7323,4830.6816,4765.2301,4821.7675,2720
INDEX.CSI300,D,20210923,190000,4848.2223,4876.8288,4837.6653,4853.1957,2256
INDEX.CSI300,D,20210924,190000,4845.638,4896.7643,4838.6946,4849.4277,2418
INDEX.CSI300,D,20210927,190000,4870.8482,4922.5626,4852.2924,4877.3698,2598
INDEX.CSI300,D,20210928,190000,4869.0845,4901.1047,4846.6306,4883.828,2185
INDEX.CSI300,D,20210929,190000,4846.0212,4867.8453,4799.9108,4833.9281,2106
INDEX.CSI300,D,20210930,190000,4843.9531,4876.0728,4843.9531,4866.3826,2954
INDEX.CSI300,D,20211008,190000,4915.7305,4936.9372,4891.6249,4929.9409,2941
INDEX.CSI300,D,20211011,190000,4941.2918,4983.7294,4930.7132,4936.1918,2945
INDEX.CSI300,D,20211012,190000,4920.6596,4925.4883,4840.9944,4883.8369,2889
INDEX.CSI300,D,20211013,190000,4880.144,4953.0635,4870.6297,4940.1089,2190
INDEX.CSI300,D,20211014,190000,4934.2575,4953.9231,4903.415,4913.6123,2905
INDEX.CSI300,D,20211015,190000,4896.5578,4939.6179,4881.54,4932.1084,2230
INDEX.CSI300,D,20211018,190000,4922.5137,4922.5137,4844.9383,4874.7753,2168
INDEX.CSI300,D,20211019,190000,4869.3907,4928.1433,4868.8106,4922.7232,2137
INDEX.CSI300,D,20211020,190000,4926.7727,4943.3532,4898.4088,4910.1846,2077
INDEX.CSI300,D,20211021,190000,4914.7378,4946.1228,4893.8543,4928.0156,2090
INDEX.CSI300,D,20211022,190000,4934.8698,4989.887,4934.8698,4959.7254,2964
INDEX.CSI300,D,20211025,190000,4940.8962,4981.3059,4930.112,4979.5235,3022
INDEX.CSI300,D,20211026,190000,4983.2383,5002.3791,4953.4787,4963.0984,2944
INDEX.CSI300,D,20211027,190000,4949.2269,4949.2269,4884.9418,4898.1644,2936
INDEX.CSI300,D,20211028,190000,4882.5858,4898.6576,4846.3831,4864.138,2246
INDEX.CSI300,D,20211029,190000,4861.2667,4908.7701,4855.8084,4908.7701,2166
INDEX.CSI300,D,20211101,190000,4878.1276,4907.8601,4858.4251,4890.6851,2202
INDEX.CSI300,D,20211102,190000,4886.1849,4911.1731,4797.9033,4839.8457,2912
INDEX.CSI300,D,20211103,190000,4835.8093,4858.7133,4804.4113,4821.1119,2990
INDEX.CSI300,D,20211104,190000,4841.0912,4873.9394,4834.7433,4868.7419,2924
INDEX.CSI300,D,20211105,190000,4858.8999,4889.6835,4841.7442,4842.3458,2619
INDEX.CSI300,D,20211108,190000,4841.1527,4865.7629,4827.9128,4848.1795,2109
INDEX.CSI300,D,20211109,190000,4858.2525,4870.6125,4818.5929,4846.7444,2256
INDEX.CSI300,D,20211110,190000,4832.8006,4832.8006,4753.9959,4821.1925,2915
INDEX.CSI300,D,20211111,190000,4814.7655,4898.6529,4809.1109,4898.6529,3032
INDEX.CSI300,D,20211112,190000,4902.9289,4909.0839,4875.397,4888.3749,2719
INDEX.CSI300,D,20211115,190000,4894.4119,4906.3301,4863.5325,4882.3777,2932
INDEX.CSI300,D,20211116,190000,4880.8964,4915.3717,4876.5004,4883.3206,3019
INDEX.CSI300,D,20211117,190000,4883.2481,4891.5232,4864.6699,4885.7544,2970
INDEX.CSI300,D,20211118,190000,4871.4216,4871.4216,4830.4852,4837.6185,2999
INDEX.CSI300,D,20211119,190000,4832.0595,4892.7341,4829.8703,4890.0575,3051
INDEX.CSI300,D,20211122,190000,4895.3875,4918.8475,4893.5218,4912.399,2235
INDEX.CSI300,D,20211123,190000,4905.7587,4927.3478,4897.0792,4913.3457,2975
INDEX.CSI300,D,20211124,190000,4914.0266,4935.4885,4899.6112,4916.6579,2992
INDEX.CSI300,D,20211125,190000,4917.6055,4921.2247,4891.8826,4896.4416,2321
INDEX.CSI300,D,20211126,190000,4886.9516,4886.9516,4850.9759,4860.1265,2167
INDEX.CSI300,D,20211129,190000,4820.0053,4858.5322,4818.7058,4851.423,2266
INDEX.CSI300,D,20211130,190000,4857.183,4871.2179,4810.4326,4832.026,2746
INDEX.CSI300,D,20211201,190000,4831.8885,4844.5242,4824.0421,4843.851,2904
INDEX.CSI300,D,20211202,190000,4839.9137,4866.8505,4830.3228,4856.163,3050
INDEX.CSI300,D,20211203,190000,4856.9802,4901.0175,4853.3979,4901.0175,2895
INDEX.CSI300,D,20211206,190000,4909.4292,4943.8163,4889.0759,4892.6209,2227
INDEX.CSI300,D,20211207,190000,4930.8261,4934.0973,4895.2924,4922.1015,2838
INDEX.CSI300,D,20211208,190000,4934.4056,4995.9298,4916.0284,4995.9298,2062
INDEX.CSI300,D,20211209,190000,5000.6871,5114.5012,4999.6487,5078.6901,2967
INDEX.CSI300,D,20211210,190000,5046.2677,5060.0554,5035.8818,5055.1172,2132
INDEX.CSI300,D,20211213,190000,5090.0207,5143.7657,5079.7327,5083.8007,2808
INDEX.CSI300,D,20211214,190000,5066.3497,5075.1376,5038.8583,5049.6953,2911
INDEX.CSI300,D,20211215,190000,5036.284,5060.368,5004.1057,5005.8991,3016
INDEX.CSI300,D,20211216,190000,5006.6105,5034.7321,4987.2247,5034.7321,2762
INDEX.CSI300,D,20211217,190000,5021.3385,5022.1067,4954.7592,4954.7599,2058
INDEX.CSI300,D,20211220,190000,4934.9662,4971.0057,4872.754,4880.4178,3042
INDEX.CSI300,D,20211221,190000,4876.5141,4917.7994,4872.9491,4913.4853,2369
INDEX.CSI300,D,20211222,190000,4924.5771,4936.1742,4903.2962,4914.4544,2343
INDEX.CSI300,D,20211223,190000,4924.2912,4948.7389,4906.8513,4948.7389,2200
INDEX.CSI300,D,20211224,190000,4953.0616,4964.9064,4905.9785,4921.3449,2360
INDEX.CSI300,D,20211227,190000,4918.1462,4939.6229,4894.165,4919.3238,2230
INDEX.CSI300,D,20211228,190000,4923.6917,4959.0428,4913.8667,4955.9644,2940
INDEX.CSI300,D,20211229,190000,4958.6455,4958.6455,4883.4804,4883.4804,2227
INDEX.CSI300,D,20211230,190000,4882.1561,4940.178,4878.7566,4921.5109,3063
INDEX.CSI300,D,20211231,190000,4937.463,4949.7699,4923.2683,4940.3733,3082
INDEX.CSI300,D,20220104,190000,4957.9835,4961.4527,4874.5337,4917.7653,2986
INDEX.CSI300,D,20220105,190000,4907.9347,4916.2046,4852.4177,4868.1202,2832
INDEX.CSI300,D,20220106,190000,4842.156,4856.3739,4786.8416,4818.2318,2132
INDEX.CSI300,D,20220107,190000,4824.3181,4856.3888,4818.2699,4822.3689,2196
INDEX.CSI300,D,20220110,190000,4812.23,4844.3928,4780.8424,4844.0451,2936
INDEX.CSI300,D,20220111,190000,4840.0087,4850.879,4791.8854,4797.7735,3002
INDEX.CSI300,D,20220112,190000,4818.8902,4852.7314,4810.928,4845.5787,3028
INDEX.CSI300,D,20220113,190000,4853.0314,4853.0314,4765.2899,4765.9191,2645
INDEX.CSI300,D,20220114,190000,4743.9124,4763.9486,4724.0039,4726.7317,2503
INDEX.CSI300,D,20220117,190000,4728.7595,4775.2385,4727.2115,4767.2762,2880
INDEX.CSI300,D,20220118,190000,4766.7811,4826.296,4747.92,4813.3472,2202
INDEX.CSI300,D,20220119,190000,4815.8106,4828.7522,4756.069,4780.3784,2290
INDEX.CSI300,D,20220120,190000,4778.2616,4845.0048,4777.8972,4823.5091,2219
INDEX.CSI300,D,20220121,190000,4808.7733,4818.3052,4762.7433,4779.3142,2857
INDEX.CSI300,D,20220124,190000,4753.9413,4801.0976,4746.4479,4786.7377,2904
INDEX.CSI300,D,20220125,190000,4761.95,4781.3393,4678.2472,4678.4511,2927
INDEX.CSI300,D,20220126,190000,4697.0991,4718.6152,4648.1283,4712.3109,2821
INDEX.CSI300,D,20220127,190000,4708.0989,4708.0989,4616.0273,4619.8765,3035
INDEX.CSI300,D,20220128,190000,4641.8137,4660.519,4559.8331,4563.772,2759
INDEX.CSI300,D,20220207,190000,4638.5754,4672.0681,4615.0052,4634.0899,2662
INDEX.CSI300,D,20220208,190000,4626.4365,4626.4365,4522.4709,4608.7729,2294
INDEX.CSI300,D,20220209,190000,4608.1491,4659.4076,4595.7717,4652.0609,2800
INDEX.CSI300,D,20220210,190000,4657.2107,4657.2107,4608.2786,4639.8625,3014
INDEX.CSI300,D,20220211,190000,4617.8741,4662.5921,4595.8867,4601.3953,2888
INDEX.CSI300,D,20220214,190000,4579.4202,4593.6321,4530.1684,4551.6878,2990
INDEX.CSI300,D,20220215,190000,4553.8112,4601.453,4550.543,4600.1025,2542
INDEX.CSI300,D,20220216,190000,4619.8458,4642.9658,4607.2971,4617.9893,2155
INDEX.CSI300,D,20220217,190000,4616.8955,4650.0302,4607.0825,4629.1649,2538
INDEX.CSI300,D,20220218,190000,4604.5669,4651.3415,4598.1003,4651.2358,2208
INDEX.CSI300,D,20220221,190000,4646.0522,4646.6724,4613.4364,4634.3141,2814
INDEX.CSI300,D,20220222,190000,4601.9184,4601.9184,4550.8913,4574.1527,2284
INDEX.CSI300,D,20220223,190000,4582.0064,4625.2979,4579.2945,4623.0465,2406
INDEX.CSI300,D,20220224,190000,4592.069,4610.8792,4488.5903,4529.3189,2525
INDEX.CSI300,D,20220225,190000,4564.6321,4611.7567,4561.9812,4573.4247,2278
INDEX.CSI300,D,20220228,190000,4563.7427,4581.6459,4530.8376,4581.6459,2994
INDEX.CSI300,D,20220301,190000,4597.855,4623.4312,4583.917,4619.6862,3037
INDEX.CSI300,D,20220302,190000,4594.017,4594.017,4558.4416,4578.6007,2882
INDEX.CSI300,D,20220303,190000,4595.0249,4599.0263,4544.4313,4551.6283,2096
INDEX.CSI300,D,20220304,190000,4513.3636,4539.3925,4481.6936,4496.4301,2922
INDEX.CSI300,D,20220307,190000,4462.5174,4462.5174,4338.326,4352.7775,2167
INDEX.CSI300,D,20220308,190000,4361.6424,4383.6467,4252.7908,4265.391,2960
INDEX.CSI300,D,20220309,190000,4280.9789,4304.482,4068.193,4226.3463,3036
INDEX.CSI300,D,20220310,190000,4326.2035,4335.6061,4288.7369,4292.8374,2241
INDEX.CSI300,D,20220311,190000,4231.1961,4316.044,4176.4522,4306.5217,2849
INDEX.CSI300,D,20220314,190000,4248.1526,4280.3345,4174.7577,4174.7577,3006
INDEX.CSI300,D,20220315,190000,4125.4866,4163.1397,3983.812,3983.812,3084
INDEX.CSI300,D,20220316,190000,4053.099,4168.5853,3942.861,4156.081,2214
INDEX.CSI300,D,20220317,190000,4237.6722,4302.6011,4217.863,4237.6956,2832
INDEX.CSI300,D,20220318,190000,4218.4736,4283.3679,4194.9785,4265.9017,3041
INDEX.CSI300,D,20220321,190000,4280.1397,4287.6575,4223.024,4258.7459,2440
INDEX.CSI300,D,20220322,190000,4252.5658,4282.8997,4236.6888,4255.295,2606
INDEX.CSI300,D,20220323,190000,4269.6088,4287.4854,4241.957,4276.5174,2289
INDEX.CSI300,D,20220324,190000,4249.5328,4273.9568,4216.8506,4251.3061,2990
INDEX.CSI300,D,20220325,190000,4249.0731,4254.4613,4173.93,4174.5742,2173
INDEX.CSI300,D,20220328,190000,4128.8379,4174.1206,4091.5732,4148.4663,2308
INDEX.CSI300,D,20220329,190000,4155.4182,4177.0161,4124.962,4134.1441,2986
INDEX.CSI300,D,20220330,190000,4162.1666,4254.0989,4160.7351,4254.0989,2829
INDEX.CSI300,D,20220331,190000,4234.7159,4247.3537,4214.5352,4222.5968,2959
INDEX.CSI300,D,20220401,190000,4198.8191,4290.671,4190.0835,4276.158,2904
INDEX.CSI300,D,20220406,190000,4258.8325,4277.5238,4236.8076,4263.8411,3075
INDEX.CSI300,D,20220407,190000,4240.0237,4278.1127,4205.743,4209.0998,3035
INDEX.CSI300,D,20220408,190000,4213.2107,4237.7919,4175.5287,4230.7669,2942
INDEX.CSI300,D,20220411,190000,4203.7902,4203.7902,4089.0934,4100.0703,2519
INDEX.CSI300,D,20220412,190000,4102.9711,4179.9727,4076.1769,4179.9727,3009
INDEX.CSI300,D,20220413,190000,4154.4121,4194.0374,4139.737,4139.737,2253
INDEX.CSI300,D,20220414,190000,4172.6443,4216.8778,4157.8788,4191.5684,2411
INDEX.CSI300,D,20220415,190000,4162.3718,4211.3174,4153.064,4188.7472,2898
INDEX.CSI300,D,20220418,190000,4152.9306,4171.7427,4120.0938,4166.3844,2235
INDEX.CSI300,D,20220419,190000,4161.9328,4186.1319,4115.4498,4134.9017,2198
INDEX.CSI300,D,20220420,190000,4130.5427,4135.4702,4060.5044,4070.7889,3057
INDEX.CSI300,D,20220421,190000,4048.7338,4086.4393,3978.3834,3995.83,2954
INDEX.CSI300,D,20220422,190000,3967.2016,4037.0821,3953.7932,4013.2498,2867
INDEX.CSI300,D,20220425,190000,3933.4459,3958.0953,3814.9127,3814.9127,2404
INDEX.CSI300,D,20220426,190000,3822.4887,3871.7868,3773.8986,3784.1198,2915
INDEX.CSI300,D,20220427,190000,3758.0835,3895.731,3757.0859,3895.5361,2547
INDEX.CSI300,D,20220428,190000,3883.4196,3943.1979,3873.6583,3921.1073,2306
INDEX.CSI300,D,20220429,190000,3939.6238,4017.4281,3898.6042,4016.241,2318
INDEX.CSI300,D,20220505,190000,3995.3533,4039.7,3988.9312,4010.2102,2989
INDEX.CSI300,D,20220506,190000,3928.8548,3947.2378,3902.3788,3908.815,2563
INDEX.CSI300,D,20220509,190000,3883.9514,3914.1116,3855.197,3877.4364,3167
INDEX.CSI300,D,20220510,190000,3820.6278,3932.6823,3808.799,3919.8684,2196
INDEX.CSI300,D,20220511,190000,3917.9322,4033.3026,3917.1445,3976.4231,2968
INDEX.CSI300,D,20220512,190000,3949.949,3985.9268,3935.7076,3958.74,2862
INDEX.CSI300,D,20220513,190000,3983.8201,4003.6866,3957.2189,3988.6002,3061
INDEX.CSI300,D,20220516,190000,4014.9955,4016.4229,3947.794,3956.5378,2876
INDEX.CSI300,D,20220517,190000,3961.7605,4005.8934,3955.357,4005.8934,2324
INDEX.CSI300,D,20220518,190000,4015.0134,4017.341,3964.8146,3991.9069,3162
INDEX.CSI300,D,20220519,190000,3938.2964,3999.5984,3934.2685,3999.5984,2313
INDEX.CSI300,D,20220520,190000,4020.8162,4077.6016,4020.8162,4077.5998,3155
INDEX.CSI300,D,20220523,190000,4080.9694,4080.9694,4029.1865,4053.9823,3118
INDEX.CSI300,D,20220524,190000,4052.8675,4055.783,3959.1541,3959.1541,3034
INDEX.CSI300,D,20220525,190000,3959.7672,3983.6236,3946.9746,3983.1784,2905
INDEX.CSI300,D,20220526,190000,3987.6815,4015.7468,3938.3374,3993.0446,2497
INDEX.CSI300,D,20220527,190000,4022.7095,4050.8865,3983.4686,4001.2988,3052
INDEX.CSI300,D,20220530,190000,4020.8584,4040.7897,4003.3768,4029.0179,2462
INDEX.CSI300,D,20220531,190000,4031.7621,4095.7938,4020.3781,4091.5176,3006
INDEX.CSI300,D,20220601,190000,4086.6177,4094.9008,4059.0017,4083.1772,2266
INDEX.CSI300,D,20220602,190000,4063.9996,4091.152,4057.9135,4089.5682,2601
INDEX.CSI300,D,20220606,190000,4090.5286,4166.5654,4063.9057,4166.085,3373
INDEX.CSI300,D,20220607,190000,4165.6899,4198.0863,4155.3986,4179.1285,2315
INDEX.CSI300,D,20220608,190000,4187.1483,4224.8096,4158.1149,4219.8122,2802
INDEX.CSI300,D,20220609,190000,4211.7225,4227.4484,4160.8814,4175.6747,2184
INDEX.CSI300,D,20220610,190000,4145.6505,4241.3541,4143.3242,4238.9936,3261
INDEX.CSI300,D,20220613,190000,4194.4574,4218.2327,4156.7824,4189.3527,3131
INDEX.CSI300,D,20220614,190000,4143.2232,4224.0857,4102.929,4222.3114,3236
INDEX.CSI300,D,20220615,190000,4228.2926,4348.3171,4228.2926,4278.2178,3037
INDEX.CSI300,D,20220616,190000,4282.0827,4302.0808,4241.075,4250.0614,3294
INDEX.CSI300,D,20220617,190000,4219.2339,4318.4362,4218.9202,4309.0444,2254
INDEX.CSI300,D,20220620,190000,4322.8324,4368.2346,4297.9154,4330.4328,2739
INDEX.CSI300,D,20220621,190000,4327.9159,4357.3396,4287.1406,4325.5657,2933
INDEX.CSI300,D,20220622,190000,4331.902,4332.948,4269.2686,4270.6227,2245
INDEX.CSI300,D,20220623,190000,4277.9555,4343.8781,4261.3684,4343.8781,3290
INDEX.CSI300,D,20220624,190000,4354.553,4400.6852,4346.2303,4394.7723,2274
INDEX.CSI300,D,20220627,190000,4414.3321,4472.6948,4414.3321,4444.2639,2321
INDEX.CSI300,D,20220628,190000,4442.5811,4497.8949,4407.3519,4490.5166,3202
INDEX.CSI300,D,20220629,190000,4472.7346,4503.1307,4413.9961,4421.357,2992
INDEX.CSI300,D,20220630,190000,4418.0656,4514.9968,4418.0656,4485.0108,3207
INDEX.CSI300,D,20220701,190000,4489.5204,4500.8077,4449.2914,4466.7179,3205
INDEX.CSI300,D,20220704,190000,4447.2159,4496.0303,4427.8232,4496.0303,3343
INDEX.CSI300,D,20220705,190000,4505.4572,4530.3245,4439.8418,4489.5383,3212
INDEX.CSI300,D,20220706,190000,4475.4815,4484.1254,4393.4467,4423.9698,3195
INDEX.CSI300,D,20220707,190000,4425.2814,4457.3431,4391.1938,4443.4736,2555
INDEX.CSI300,D,20220708,190000,4468.0627,4479.4937,4426.8868,4428.781,3340
INDEX.CSI300,D,20220711,190000,4406.1476,4406.1476,4330.7095,4354.6167,3091
INDEX.CSI300,D,20220712,190000,4352.6456,4370.3411,4296.8717,4313.6184,2589
INDEX.CSI300,D,20220713,190000,4313.3589,4341.3432,4284.9419,4321.4617,3187
INDEX.CSI300,D,20220714,190000,4308.8229,4351.7934,4292.7992,4322.0742,3377
INDEX.CSI300,D,20220715,190000,4299.4714,4344.743,4248.5273,4248.5273,3185
INDEX.CSI300,D,20220718,190000,4262.1539,4300.3178,4217.8845,4292.5858,2840
INDEX.CSI300,D,20220719,190000,4288.4441,4288.4441,4238.8412,4269.3401,3194
INDEX.CSI300,D,20220720,190000,4291.2808,4303.3058,4269.9717,4283.8027,3227
INDEX.CSI300,D,20220721,190000,4270.3624,4283.1471,4236.0499,4236.0578,3259
INDEX.CSI300,D,20220722,190000,4251.7867,4275.4696,4207.3135,4238.2341,3078
INDEX.CSI300,D,20220725,190000,4233.9277,4234.61,4202.1534,4212.6441,2327
INDEX.CSI300,D,20220726,190000,4220.0911,4259.9854,4214.835,4245.9758,2353
INDEX.CSI300,D,20220727,190000,4236.154,4242.0509,4217.6877,4225.0357,3153
INDEX.CSI300,D,20220728,190000,4242.2743,4267.9181,4223.029,4225.6733,2770
INDEX.CSI300,D,20220729,190000,4226.4245,4242.8493,4161.0362,4170.1019,2337
INDEX.CSI300,D,20220801,190000,4160.6478,4196.5743,4130.034,4188.6784,2395
INDEX.CSI300,D,20220802,190000,4144.3765,4144.3765,4071.431,4107.024,2378
INDEX.CSI300,D,20220803,190000,4114.8251,4150.7368,4058.1792,4066.9754,2417
INDEX.CSI300,D,20220804,190000,4089.4419,4107.9393,4064.6594,4101.5367,2751
INDEX.CSI300,D,20220805,190000,4109.6287,4159.485,4097.8625,4156.9111,2333
INDEX.CSI300,D,20220808,190000,4142.1111,4155.7301,4135.0809,4148.0746,3156
INDEX.CSI300,D,20220809,190000,4143.666,4161.7991,4131.4252,4156.2907,2305
INDEX.CSI300,D,20220810,190000,4149.2071,4160.645,4092.6656,4109.7373,2346
INDEX.CSI300,D,20220811,190000,4130.741,4193.7265,4116.1184,4193.5428,2320
INDEX.CSI300,D,20220812,190000,4185.4203,4202.4663,4175.2474,4191.152,3237
INDEX.CSI300,D,20220815,190000,4180.0006,4219.9183,4174.3,4185.6794,3228
INDEX.CSI300,D,20220816,190000,4190.5269,4208.7349,4170.5271,4177.837,2342
INDEX.CSI300,D,20220817,190000,4182.5668,4222.7298,4155.1734,4216.9586,2888
INDEX.CSI300,D,20220818,190000,4205.7851,4211.8226,4173.5889,4180.0996,3389
INDEX.CSI300,D,20220819,190000,4174.5458,4185.4145,4151.0738,4151.0738,3391
INDEX.CSI300,D,20220822,190000,4135.1623,4183.5318,4134.2008,4181.3965,2658
INDEX.CSI300,D,20220823,190000,4175.5314,4187.1804,4147.4266,4161.0823,2290
INDEX.CSI300,D,20220824,190000,4168.5764,4174.1565,4079.0934,4082.4195,3262
INDEX.CSI300,D,20220825,190000,4093.2949,4119.6196,4058.7454,4116.2396,3352
INDEX.CSI300,D,20220826,190000,4127.8142,4139.7879,4102.7929,4107.5455,2278
INDEX.CSI300,D,20220829,190000,4063.8825,4092.9474,4060.222,4089.5205,3327
INDEX.CSI300,D,20220830,190000,4088.5262,4093.0195,4048.563,4075.7937,3398
INDEX.CSI300,D,20220831,190000,4057.1443,4112.8485,4046.6468,4078.8402,2322
INDEX.CSI300,D,20220901,190000,4066.1869,4090.7721,4041.1281,4043.7395,3288
INDEX.CSI300,D,20220902,190000,4054.8423,4056.1805,4004.911,4023.6131,3159
INDEX.CSI300,D,20220905,190000,4010.4052,4016.0319,3982.7395,4015.4264,3176
INDEX.CSI300,D,20220906,190000,4024.4726,4054.004,4009.5826,4052.2802,2620
INDEX.CSI300,D,20220907,190000,4032.7231,4067.4558,4028.374,4054.983,2215
INDEX.CSI300,D,20220908,190000,4059.1689,4067.758,4036.0506,4037.6839,3058
INDEX.CSI300,D,20220909,190000,4050.5853,4098.9981,4042.2498,4093.7874,3314
INDEX.CSI300,D,20220913,190000,4112.0123,4127.8749,4097.1408,4111.1145,3285
INDEX.CSI300,D,20220914,190000,4058.0441,4089.0583,4047.9187,4065.359,3224
INDEX.CSI300,D,20220915,190000,4078.6495,4088.7763,3998.9863,4027.1186,2789
INDEX.CSI300,D,20220916,190000,4013.5829,4018.0098,3932.6826,3932.6826,2315
INDEX.CSI300,D,20220919,190000,3928.4239,3953.6494,3910.3106,3928.0001,3025
INDEX.CSI300,D,20220920,190000,3945.6467,3957.1314,3921.9611,3932.8361,2849
INDEX.CSI300,D,20220921,190000,3921.3177,3924.1755,3884.2268,3903.7348,3299
INDEX.CSI300,D,20220922,190000,3875.1771,3900.2736,3860.3376,3869.344,3355
INDEX.CSI300,D,20220923,190000,3865.1049,3887.9471,3829.6913,3856.0212,2561
INDEX.CSI300,D,20220926,190000,3829.5958,3893.0457,3827.9498,3836.6773,2300
INDEX.CSI300,D,20220927,190000,3844.0692,3893.0283,3827.9265,3892.295,2284
INDEX.CSI300,D,20220928,190000,3879.4398,3879.4398,3828.0545,3828.7098,3409
INDEX.CSI300,D,20220929,190000,3864.316,3873.1823,3808.6496,3827.1434,3402
INDEX.CSI300,D,20220930,190000,3833.3504,3848.6018,3801.3112,3804.8853,2721
INDEX.CSI300,D,20221010,190000,3806.5596,3807.4574,3715.8487,3720.9365,2391
INDEX.CSI300,D,20221011,190000,3732.0191,3739.6374,3706.116,3727.6867,2192
INDEX.CSI300,D,20221012,190000,3722.8659,3784.3064,3661.953,3784.3064,2431
INDEX.CSI300,D,20221013,190000,3756.4176,3783.2741,3749.7559,3752.6729,2353
INDEX.CSI300,D,20221014,190000,3783.316,3863.2265,3780.8415,3842.4698,2363
INDEX.CSI300,D,20221017,190000,3822.2428,3849.6207,3809.2111,3846.4119,2142
INDEX.CSI300,D,20221018,190000,3865.8258,3870.2155,3831.1723,3838.2667,2278
INDEX.CSI300,D,20221019,190000,3827.4658,3840.4219,3776.5335,3776.5335,2826
INDEX.CSI300,D,20221020,190000,3746.5793,3803.8359,3726.8828,3754.9269,2683
INDEX.CSI300,D,20221021,190000,3753.8903,3768.4342,3724.8463,3742.8929,2830
INDEX.CSI300,D,20221024,190000,3727.915,3762.158,3619.9876,3633.3733,3220
INDEX.CSI300,D,20221025,190000,3621.9356,3670.7327,3594.7011,3627.4542,3298
INDEX.CSI300,D,20221026,190000,3633.3107,3700.662,3633.3107,3656.9027,2930
INDEX.CSI300,D,20221027,190000,3667.6645,3684.8993,3631.0767,3631.1448,2920
INDEX.CSI300,D,20221028,190000,3605.1598,3618.7507,3533.4993,3541.3295,3314
INDEX.CSI300,D,20221031,190000,3504.507,3553.1594,3495.9509,3508.7034,2946
INDEX.CSI300,D,20221101,190000,3519.8174,3634.1732,3517.6209,3634.1732,2752
INDEX.CSI300,D,20221102,190000,3620.3693,3703.465,3610.8029,3677.8051,2857
INDEX.CSI300,D,20221103,190000,3645.0604,3670.1574,3628.5147,3647.8966,2767
INDEX.CSI300,D,20221104,190000,3646.7709,3782.8823,3646.7709,3767.1746,2914
INDEX.CSI300,D,20221107,190000,3754.5227,3792.6514,3746.3715,3775.2971,2984
INDEX.CSI300,D,20221108,190000,3773.6612,3779.1156,3723.4924,3749.3251,3298
INDEX.CSI300,D,20221109,190000,3750.7821,3760.2508,3711.3965,3714.2704,2401
INDEX.CSI300,D,20221110,190000,3685.8274,3701.5306,3665.1073,3685.6885,3330
INDEX.CSI300,D,20221111,190000,3787.7568,3828.9004,3747.1978,3788.4387,3324
INDEX.CSI300,D,20221114,190000,3818.1447,3848.2376,3781.7919,3794.0171,2624
INDEX.CSI300,D,20221115,190000,3788.926,3871.5632,3775.7082,3865.9726,3069
INDEX.CSI300,D,20221116,190000,3860.811,3877.6781,3829.776,3834.3899,2549
INDEX.CSI300,D,20221117,190000,3821.2709,3821.6163,3776.5739,3818.664,3294
INDEX.CSI300,D,20221118,190000,3823.8207,3840.3018,3801.5686,3801.5686,2258
INDEX.CSI300,D,20221121,190000,3769.627,3769.8471,3734.2157,3769.1269,2323
INDEX.CSI300,D,20221122,190000,3766.0817,3809.8582,3751.0448,3769.5727,3330
INDEX.CSI300,D,20221123,190000,3760.2157,3791.1782,3753.4238,3773.5287,2268
INDEX.CSI300,D,20221124,190000,3791.5399,3804.5985,3751.3818,3756.8082,2351
INDEX.CSI300,D,20221125,190000,3751.2822,3790.5356,3743.6013,3775.7764,3069
INDEX.CSI300,D,20221128,190000,3701.902,3735.9338,3672.1306,3733.2424,3285
INDEX.CSI300,D,20221129,190000,3766.5702,3854.759,3766.5702,3848.4224,2308
INDEX.CSI300,D,20221130,190000,3836.5598,3867.3586,3833.8272,3853.0365,3331
INDEX.CSI300,D,20221201,190000,3921.2954,3944.3899,3893.9772,3894.7687,2334
INDEX.CSI300,D,20221202,190000,3886.4034,3897.7076,3866.3127,3870.9478,2657
INDEX.CSI300,D,20221205,190000,3907.6375,3947.476,3900.6742,3946.8759,3384
INDEX.CSI300,D,20221206,190000,3929.0063,3988.8709,3922.9969,3968.1979,3362
INDEX.CSI300,D,20221207,190000,3956.6722,3999.2284,3944.4533,3958.4409,2756
INDEX.CSI300,D,20221208,190000,3953.199,3971.4775,3941.2966,3959.1798,3323
INDEX.CSI300,D,20221209,190000,3961.9919,4003.32,3944.4396,3998.24,875
INDEX.CSI300,D,20221212,190000,3976.1722,3983.3067,3950.5438,3953.4433,2505
INDEX.CSI300,D,20221213,190000,3953.5482,3964.3957,3939.9904,3945.6813,3306
INDEX.CSI300,D,20221214,190000,3952.79,3972.74,3935.78,3954.8857,309
INDEX.CSI300,D,20221215,190000,3954.672,3963.2212,3926.4997,3951.9885,3171
INDEX.CSI300,D,20221216,190000,3931.2318,3960.3875,3929.4873,3954.227,2336
INDEX.CSI300,D,20221219,190000,3952.7707,3966.3821,3878.4367,3893.2207,2298
INDEX.CSI300,D,20221220,190000,3881.2257,3881.2729,3811.4759,3829.0173,2265
INDEX.CSI300,D,20221221,190000,3839.0009,3853.7272,3821.5252,3830.5384,3255
INDEX.CSI300,D,20221222,190000,3859.2041,3882.1263,3821.3418,3836.028,2366
INDEX.CSI300,D,20221223,190000,3811.6164,3848.3436,3805.9487,3828.2188,3317
INDEX.CSI300,D,20221226,190000,3830.5682,3856.7743,3827.5775,3843.4887,3503
INDEX.CSI300,D,20221227,190000,3860.9054,3891.7997,3856.6498,3887.854,2401
INDEX.CSI300,D,20221228,190000,3874.9132,3884.4634,3854.9406,3871.2644,2285
INDEX.CSI300,D,20221229,190000,3854.2363,3867.9701,3838.4803,3856.7007,2384
INDEX.CSI300,D,20221230,190000,3873.9358,3887.5527,3868.9,3871.6338,3231
INDEX.CSI300,D,20230103,190000,3864.8356,3893.9904,3831.499,3887.8992,3492
INDEX.CSI300,D,20230104,190000,3886.2504,3905.8071,3873.6549,3892.9477,3430
INDEX.CSI300,D,20230105,190000,3913.4928,3974.7503,3913.1546,3968.5782,2366
INDEX.CSI300,D,20230106,190000,3969.5493,4000.4143,3966.4696,3980.8888,3078
INDEX.CSI300,D,20230109,190000,3998.5278,4022.9204,3990.7073,4013.1196,2918
INDEX.CSI300,D,20230110,190000,4014.7125,4030.4548,4002.2491,4017.4737,2934
INDEX.CSI300,D,20230111,190000,4019.8844,4043.3991,4008.0153,4010.0309,2898
INDEX.CSI300,D,20230112,190000,4021.7547,4030.2876,4003.5081,4017.8692,2932
INDEX.CSI300,D,20230113,190000,4032.2906,4074.3772,4027.8864,4074.3772,2913
INDEX.CSI300,D,20230116,190000,4077.8793,4176.8365,4076.6394,4137.9643,2281
INDEX.CSI300,D,20230117,190000,4138.8433,4148.5838,4118.157,4137.2422,3258
INDEX.CSI300,D,20230118,190000,4140.1019,4150.9885,4125.7687,4130.3143,3045
INDEX.CSI300,D,20230119,190000,4125.5772,4156.0077,4106.2045,4156.0077,2821
INDEX.CSI300,D,20230120,190000,4166.8444,4189.6063,4161.6698,4181.5267,3326
INDEX.CSI300,D,20230130,190000,4267.6248,4267.7629,4197.8596,4201.345,3029
INDEX.CSI300,D,20230131,190000,4200.5813,4212.7347,4153.0484,4156.8578,2427
INDEX.CSI300,D,20230201,190000,4170.1322,4195.9332,4137.8689,4195.9332,3196
INDEX.CSI300,D,20230202,190000,4207.4123,4207.4123,4170.6269,4181.1493,2327
INDEX.CSI300,D,20230203,190000,4162.0258,4162.0258,4103.3231,4141.6319,2336
INDEX.CSI300,D,20230206,190000,4103.8307,4105.7315,4065.3382,4086.8779,2734
INDEX.CSI300,D,20230207,190000,4098.3117,4107.3438,4078.2903,4094.2335,2933
INDEX.CSI300,D,20230208,190000,4099.8573,4111.4745,4072.8928,4076.1411,2945
INDEX.CSI300,D,20230209,190000,4067.5631,4130.8565,4065.2807,4130.8565,2925
INDEX.CSI300,D,20230210,190000,4124.0986,4125.2801,4092.4935,4106.3097,2958
INDEX.CSI300,D,20230213,190000,4098.8795,4146.45,4092.5417,4143.574,2852
INDEX.CSI300,D,20230214,190000,4151.247,4152.0487,4125.2583,4145.2902,3432
INDEX.CSI300,D,20230215,190000,4146.8547,4153.7159,4115.9671,4123.6893,3281
INDEX.CSI300,D,20230216,190000,4125.4087,4167.5223,4068.9324,4093.4876,2331
INDEX.CSI300,D,20230217,190000,4086.2237,4104.3192,4033.0165,4034.507,3284
INDEX.CSI300,D,20230220,190000,4039.9623,4134.8623,4035.6076,4133.4896,2885
INDEX.CSI300,D,20230221,190000,4130.0632,4151.7994,4116.2716,4144.3536,2838
INDEX.CSI300,D,20230222,190000,4118.9669,4134.7298,4101.9579,4106.9506,2885
INDEX.CSI300,D,20230223,190000,4106.2136,4132.3896,4088.2073,4103.6463,2823
INDEX.CSI300,D,20230224,190000,4100.9897,4101.7902,4048.4926,4061.0457,2885
INDEX.CSI300,D,20230227,190000,4040.4571,4067.0092,4034.8382,4043.8444,3198
INDEX.CSI300,D,20230228,190000,4058.1298,4074.2497,4026.5554,4069.4587,2185
INDEX.CSI300,D,20230301,190000,4068.7331,4135.4421,4061.2167,4126.9415,3388
INDEX.CSI300,D,20230302,190000,4119.9919,4137.163,4113.8722,4117.7377,3085
INDEX.CSI300,D,20230303,190000,4126.0183,4135.0212,4100.3827,4130.5513,2297
INDEX.CSI300,D,20230306,190000,4131.1525,4132.7987,4088.5889,4109.0102,3211
INDEX.CSI300,D,20230307,190000,4103.6419,4124.9609,4046.6514,4048.8519,3027
INDEX.CSI300,D,20230308,190000,4030.7387,4037.287,4011.5231,4034.1077,3448
INDEX.CSI300,D,20230309,190000,4035.8433,4043.8493,4000.9592,4019.8505,2253
INDEX.CSI300,D,20230310,190000,3991.7959,4004.3612,3966.6113,3967.1352,2330
INDEX.CSI300,D,20230313,190000,3962.6426,4008.686,3962.6426,4008.686,2381
INDEX.CSI300,D,20230314,190000,3999.8803,4001.7023,3947.0109,3984.6956,2346
INDEX.CSI300,D,20230315,190000,4011.8444,4018.5082,3986.902,3986.902,2350
INDEX.CSI300,D,20230316,190000,3958.1962,3980.8199,3936.4811,3939.1505,2347
INDEX.CSI300,D,20230317,190000,3971.1585,4003.9811,3945.2501,3958.8194,3390
INDEX.CSI300,D,20230320,190000,3962.6625,3979.5485,3935.0161,3939.077,3397
INDEX.CSI300,D,20230321,190000,3948.1573,3982.5362,3948.1573,3982.3782,3117
INDEX.CSI300,D,20230322,190000,3993.7849,4016.4495,3986.79,3999.4427,2589
INDEX.CSI300,D,20230323,190000,3985.9928,4039.0895,3983.9986,4039.0895,3419
INDEX.CSI300,D,20230324,190000,4035.1564,4037.8385,4017.0028,4027.0457,2730
INDEX.CSI300,D,20230327,190000,4023.3028,4023.3028,3987.2535,4012.4771,2680
INDEX.CSI300,D,20230328,190000,4015.6973,4023.7834,3994.5999,3999.5147,3257
INDEX.CSI300,D,20230329,190000,4013.5926,4017.6339,3992.7297,4006.144,3464
INDEX.CSI300,D,20230330,190000,4009.5573,4040.4038,3984.5017,4038.5257,3169
INDEX.CSI300,D,20230331,190000,4045.4538,4063.4997,4039.9587,4050.9257,2397
INDEX.CSI300,D,20230403,190000,4059.6227,4094.9376,4059.0607,4090.5676,2821
INDEX.CSI300,D,20230404,190000,4089.2932,4103.1583,4080.2499,4103.1052,2799
INDEX.CSI300,D,20230406,190000,4084.132,4098.8172,4078.7191,4096.64,3003
INDEX.CSI300,D,20230407,190000,4096.9009,4131.1407,4092.4254,4123.2799,3199
INDEX.CSI300,D,20230410,190000,4132.0096,4132.0164,4099.0519,4104.8118,3509
INDEX.CSI300,D,20230411,190000,4108.5062,4116.12,4083.6348,4100.1479,2784
INDEX.CSI300,D,20230412,190000,4102.3968,4108.2451,4090.2784,4097.2876,3437
INDEX.CSI300,D,20230413,190000,4081.3871,4088.8809,4059.5778,4068.9786,3266
INDEX.CSI300,D,20230414,190000,4078.9703,4098.1637,4075.2701,4091.9988,3477
INDEX.CSI300,D,20230417,190000,4090.0719,4149.3836,4089.509,4149.3836,3441
INDEX.CSI300,D,20230418,190000,4139.3088,4169.4487,4138.4618,4162.032,2355
INDEX.CSI300,D,20230419,190000,4159.3938,4159.3938,4118.6261,4124.5589,2870
INDEX.CSI300,D,20230420,190000,4122.9461,4125.4025,4094.0296,4113.0192,2359
INDEX.CSI300,D,20230421,190000,4114.2642,4114.2642,4031.9123,4032.5672,2375
INDEX.CSI300,D,20230424,190000,4031.303,4033.1857,3967.907,3982.6429,3368
INDEX.CSI300,D,20230425,190000,3985.1055,3991.5281,3925.488,3962.6658,2347
INDEX.CSI300,D,20230426,190000,3950.2553,3975.6562,3934.6625,3959.2323,2435
INDEX.CSI300,D,20230427,190000,3948.0313,3999.1302,3944.8875,3988.4185,2594
INDEX.CSI300,D,20230428,190000,3993.2561,4030.4469,3993.2561,4029.0858,2203
INDEX.CSI300,D,20230504,190000,4013.47,4035.61,4001.41,4030.25,0
INDEX.CSI300,D,20230505,190000,4031.09,4047.6,3998.6,4016.88,0
INDEX.CSI300,D,20230508,190000,4028.11,4070.57,4019.03,4062.66,0
INDEX.CSI300,D,20230509,190000,4065.44,4092.85,4026.39,4027.88,0
INDEX.CSI300,D,20230510,190000,4017.94,4019.06,3984.72,3996.87,0
INDEX.CSI300,D,20230511,190000,4005.78,4018.06,3988.48,3990.66,0
INDEX.CSI300,D,20230512,190000,3987.77,3999.28,3937.55,3937.76,0
INDEX.CSI300,D,20230515,190000,3938.83,3998.89,3923.25,3998.89,0
INDEX.CSI300,D,20230516,190000,4002.52,4004.96,3967.17,3978.21,0
INDEX.CSI300,D,20230517,190000,3971.7,3982.47,3945.88,3960.17,0
INDEX.CSI300,D,20230518,190000,3965.52,3982.57,3939.55,3956.07,0
INDEX.CSI300,D,20230519,190000,3946.22,3967.28,3928.59,3944.54,0
INDEX.CSI300,D,20230522,190000,3941,3985.33,3935.8,3969.33,0
INDEX.CSI300,D,20230523,190000,3968.23,3971.83,3913.19,3913.19,0
INDEX.CSI300,D,20230524,190000,3903.78,3903.78,3859.09,3859.09,0
INDEX.CSI300,D,20230525,190000,3851.41,3861.38,3817.84,3850.5,0
INDEX.CSI300,D,20230526,190000,3848.42,3859.63,3815.57,3850.95,0
INDEX.CSI300,D,20230529,190000,3862.0838,3866.7238,3819.1929,3833.9416,2426
INDEX.CSI300,D,20230530,190000,3827.7924,3844.0052,3789.2736,3837.7531,2360
INDEX.CSI300,D,20230531,190000,3827.1634,3827.1634,3781.437,3798.5434,3425
INDEX.CSI300,D,20230601,190000,3788.5902,3832.2051,3786.7344,3806.8679,3410
INDEX.CSI300,D,20230602,190000,3821.6198,3865.2843,3821.6198,3861.8337,2505
INDEX.CSI300,D,20230605,190000,3860.5557,3860.5557,3832.4578,3844.2492,2877
INDEX.CSI300,D,20230606,190000,3840.4587,3867.8064,3802.9698,3808.1629,3341
INDEX.CSI300,D,20230607,190000,3815.4823,3822.992,3780.1644,3789.3418,3036
INDEX.CSI300,D,20230608,190000,3791.0826,3834.2784,3777.7752,3820.1867,2804
INDEX.CSI300,D,20230609,190000,3822.4088,3836.7026,3811.4669,3836.7026,3428
INDEX.CSI300,D,20230612,190000,3827.3253,3859.6359,3814.4242,3844.4324,2659
INDEX.CSI300,D,20230613,190000,3838.1287,3867.0854,3833.563,3864.9074,2673
INDEX.CSI300,D,20230614,190000,3872.72,3891.57,3862.22,3864.0247,634
INDEX.CSI300,D,20230615,190000,3871.7746,3925.4994,3871.7746,3925.4994,2304
INDEX.CSI300,D,20230616,190000,3932.2114,3967.9245,3928.5419,3963.3509,3274
INDEX.CSI300,D,20230619,190000,3957.0327,3957.0327,3922.6449,3930.9079,2376
INDEX.CSI300,D,20230620,190000,3926.094,3937.4921,3918.482,3924.2377,2376
INDEX.CSI300,D,20230621,190000,3909.1044,3919.7989,3864.0323,3864.0323,3217
INDEX.CSI300,D,20230626,190000,3833.4436,3841.2862,3801.1741,3809.6962,2283
INDEX.CSI300,D,20230627,190000,3811.6872,3851.8957,3806.4867,3845.4334,2280
INDEX.CSI300,D,20230628,190000,3836.6086,3846.8516,3808.7384,3840.7986,3173
INDEX.CSI300,D,20230629,190000,3836.7305,3840.7132,3817.3759,3821.8435,3467
INDEX.CSI300,D,20230630,190000,3816.3345,3860.0311,3813.9276,3842.4516,3455
INDEX.CSI300,D,20230703,190000,3853.2919,3897.3273,3853.2919,3892.8821,2822
INDEX.CSI300,D,20230704,190000,3888.0328,3899.9755,3878.3978,3899.0133,3444
INDEX.CSI300,D,20230705,190000,3895.1945,3899.2519,3864.2175,3868.8054,3414
INDEX.CSI300,D,20230706,190000,3857.0304,3876.8901,3836.5404,3842.7547,2393
INDEX.CSI300,D,20230707,190000,3831.5955,3844.8438,3819.1686,3825.6988,3392
INDEX.CSI300,D,20230710,190000,3841.5591,3865.3623,3832.0124,3844.3269,3489
INDEX.CSI300,D,20230711,190000,3853.7955,3870.6314,3844.5244,3869.4861,3206
INDEX.CSI300,D,20230712,190000,3864.6013,3874.0403,3838.5632,3843.4369,3394
INDEX.CSI300,D,20230713,190000,3855.662,3901.0947,3855.662,3898.4229,3379
INDEX.CSI300,D,20230714,190000,3904.6033,3908.302,3894.2625,3899.1027,2339
INDEX.CSI300,D,20230717,190000,3881.6225,3881.6225,3852.3654,3867.1749,3114
INDEX.CSI300,D,20230718,190000,3871.0444,3871.0444,3844.6642,3854.9393,2568
INDEX.CSI300,D,20230719,190000,3848.4826,3859.9122,3830.4073,3850.8663,3330
INDEX.CSI300,D,20230720,190000,3857.7725,3875.5852,3818.7134,3823.6946,2319
INDEX.CSI300,D,20230721,190000,3816.9835,3849.5109,3808.803,3821.91,3178
INDEX.CSI300,D,20230724,190000,3803.3492,3828.5743,3798.8048,3805.221,3242
INDEX.CSI300,D,20230725,190000,3866.6445,3915.8148,3866.6445,3915.1153,2302
INDEX.CSI300,D,20230726,190000,3908.174,3912.9834,3893.6667,3907.0128,3266
INDEX.CSI300,D,20230727,190000,3914.2298,3935.3578,3894.7564,3902.3458,2290
INDEX.CSI300,D,20230728,190000,3889.7929,4000.6177,3886.9253,3992.7376,3215
INDEX.CSI300,D,20230731,190000,4018.8895,4064.2706,4002.0784,4014.6301,3217
INDEX.CSI300,D,20230801,190000,4009.1831,4031.5653,3983.1425,3998.001,2263
INDEX.CSI300,D,20230802,190000,3985.6951,4008.1749,3958.5406,3969.895,3146
INDEX.CSI300,D,20230803,190000,3962.1296,4004.9839,3962.1296,4004.9839,3324
INDEX.CSI300,D,20230804,190000,4033.7239,4058.1332,4011.6202,4020.5792,3404
INDEX.CSI300,D,20230807,190000,4002.9677,4002.9677,3977.0173,3990.1531,2350
INDEX.CSI300,D,20230808,190000,3980.0423,4002.2904,3963.5632,3979.7322,3178
INDEX.CSI300,D,20230809,190000,3967.3566,3982.1091,3961.9563,3967.5652,3112
INDEX.CSI300,D,20230810,190000,3962.8569,3976.2437,3945.3869,3975.7166,2323
INDEX.CSI300,D,20230811,190000,3977.9834,3977.9834,3884.2538,3884.2538,3339
INDEX.CSI300,D,20230814,190000,3840.8872,3859.4321,3814.108,3855.9061,3398
INDEX.CSI300,D,20230815,190000,3858.37,3865.28,3811.68,3846.5357,667
INDEX.CSI300,D,20230816,190000,3830.8274,3852.0512,3817.6581,3818.3338,3319
INDEX.CSI300,D,20230817,190000,3801.1969,3836.1507,3782.4967,3831.1008,2373
INDEX.CSI300,D,20230818,190000,3832.4554,3844.1331,3784.0038,3784.0038,2537
INDEX.CSI300,D,20230821,190000,3773.225,3782.0489,3729.555,3729.555,2320
INDEX.CSI300,D,20230822,190000,3748.0675,3770.0556,3704.6785,3758.2271,3250
INDEX.CSI300,D,20230823,190000,3751.7736,3755.9557,3695.0659,3696.6339,3373
INDEX.CSI300,D,20230824,190000,3711.5403,3748.86,3701.5717,3723.4293,2346
INDEX.CSI300,D,20230825,190000,3703.5136,3734.2185,3695.8442,3709.1517,3247
INDEX.CSI300,D,20230828,190000,3911.5485,3911.5485,3740.5279,3752.6194,2777
INDEX.CSI300,D,20230829,190000,3743.0534,3810.0288,3742.8058,3790.1067,2839
INDEX.CSI300,D,20230830,190000,3803.1191,3813.7032,3780.273,3788.5097,2762
INDEX.CSI300,D,20230831,190000,3786.93,3794,3762,3765.27,0
INDEX.CSI300,D,20230901,190000,3778.9129,3808.5306,3778.9129,3791.4912,2917
INDEX.CSI300,D,20230904,190000,3812.9873,3854.1709,3804.5886,3848.9517,2401
INDEX.CSI300,D,20230905,190000,3839.5779,3839.5779,3814.8799,3820.3174,2528
INDEX.CSI300,D,20230906,190000,3808.1,3817.5239,3791.3819,3812.0283,3156
INDEX.CSI300,D,20230907,190000,3802.2272,3802.2272,3756.853,3758.4748,2369
INDEX.CSI300,D,20230908,190000,3747.6509,3753.263,3724.987,3739.9927,3354
INDEX.CSI300,D,20230911,190000,3740.5846,3788.3219,3734.7228,3767.537,3241
INDEX.CSI300,D,20230912,190000,3764.3331,3774.8924,3755.4162,3760.6048,3013
INDEX.CSI300,D,20230913,190000,3759.6091,3768.8162,3719.1114,3736.6513,2332
INDEX.CSI300,D,20230914,190000,3736.9355,3748.8177,3717.3107,3733.5077,3243
INDEX.CSI300,D,20230915,190000,3740.7853,3749.0247,3699.3806,3708.7766,2353
INDEX.CSI300,D,20230918,190000,3698.9344,3737.5306,3691.1107,3727.711,2326
INDEX.CSI300,D,20230919,190000,3723.4244,3724.0717,3702.6934,3720.5021,3467
INDEX.CSI300,D,20230920,190000,3715.9578,3718.5207,3705.2462,3705.6898,3263
INDEX.CSI300,D,20230921,190000,3698.313,3708.4557,3672.4448,3672.4448,3367
INDEX.CSI300,D,20230922,190000,3672.6402,3740.0614,3664.7661,3738.9327,3348
INDEX.CSI300,D,20230925,190000,3738.0622,3738.0622,3711.2049,3714.6037,3431
INDEX.CSI300,D,20230926,190000,3711.7106,3723.7268,3692.6172,3692.8928,3380
INDEX.CSI300,D,20230927,190000,3694.9607,3730.5363,3694.3938,3700.495,2800
INDEX.CSI300,D,20230928,190000,3711.2117,3715.8257,3685.3001,3689.5172,3483
INDEX.CSI300,D,20231009,190000,3678.929,3694.1338,3641.9966,3684.7272,2428
INDEX.CSI300,D,20231010,190000,3696.2542,3700.6164,3655.589,3657.1259,2314
INDEX.CSI300,D,20231011,190000,3674.7514,3689.5347,3658.355,3667.5483,3167
INDEX.CSI300,D,20231012,190000,3697.9337,3711.2225,3682.8792,3702.3824,3079
INDEX.CSI300,D,20231013,190000,3677.9585,3678.1651,3652.4171,3663.4104,2238
INDEX.CSI300,D,20231016,190000,3664.039,3664.039,3615.7686,3626.5972,2368
INDEX.CSI300,D,20231017,190000,3635.2994,3645.2037,3619.3374,3639.4018,2383
INDEX.CSI300,D,20231018,190000,3631.0671,3632.0579,3609.0059,3610.5767,2743
INDEX.CSI300,D,20231019,190000,3588.5154,3588.5154,3532.3059,3533.5445,3420
INDEX.CSI300,D,20231020,190000,3518.3464,3535.6426,3501.725,3510.5889,2365
INDEX.CSI300,D,20231023,190000,3500.199,3505.3468,3450.6456,3474.2438,3399
INDEX.CSI300,D,20231024,190000,3481.7644,3494.8457,3453.3753,3487.1302,3365
INDEX.CSI300,D,20231025,190000,3524.2965,3531.8314,3500.9154,3504.4576,3328
INDEX.CSI300,D,20231026,190000,3484.7807,3515.5716,3478.0525,3514.1448,2694
INDEX.CSI300,D,20231027,190000,3501.171,3576.5861,3494.5488,3562.3851,3274
INDEX.CSI300,D,20231030,190000,3554.1055,3592.5402,3554.0238,3583.7718,2351
INDEX.CSI300,D,20231031,190000,3581.6759,3581.6759,3554.7234,3572.5056,2343
INDEX.CSI300,D,20231101,190000,3605.7576,3606.4126,3564.6732,3571.0268,3230
INDEX.CSI300,D,20231102,190000,3580.0672,3597.1699,3553.7406,3554.1889,3218
INDEX.CSI300,D,20231103,190000,3558.5303,3596.0577,3558.5303,3584.1364,3358
INDEX.CSI300,D,20231106,190000,3608.3187,3635.7897,3600.8685,3632.6084,3388
INDEX.CSI300,D,20231107,190000,3623.7849,3628.4615,3606.2975,3619.7593,3268
INDEX.CSI300,D,20231108,190000,3610.6434,3626.8796,3591.8916,3611.0723,2920
INDEX.CSI300,D,20231109,190000,3603.1082,3624.348,3601.5572,3612.8263,2651
INDEX.CSI300,D,20231110,190000,3596.0688,3599.4519,3576.164,3586.4893,3204
INDEX.CSI300,D,20231113,190000,3593.9109,3599.3897,3562.8223,3579.4141,3304
INDEX.CSI300,D,20231114,190000,3581.1034,3600.1483,3569.0881,3582.0584,2454
INDEX.CSI300,D,20231115,190000,3616.8765,3620.3084,3597.0796,3607.2454,2463
INDEX.CSI300,D,20231116,190000,3600.9813,3605.2075,3572.3641,3572.3641,2500
INDEX.CSI300,D,20231117,190000,3561.3112,3572.8832,3547.0287,3568.0685,2449
INDEX.CSI300,D,20231120,190000,3569.7314,3586.9731,3545.3781,3576.3233,3370
INDEX.CSI300,D,20231121,190000,3587.8779,3614.4351,3575.682,3581.0674,2715
INDEX.CSI300,D,20231122,190000,3569.4389,3574.1585,3544.4162,3544.4162,2330
INDEX.CSI300,D,20231123,190000,3541.4416,3562.0569,3529.939,3561.5204,2499
INDEX.CSI300,D,20231124,190000,3560.6462,3560.6462,3533.9955,3538.0087,3365
INDEX.CSI300,D,20231127,190000,3534.4445,3534.4445,3492.9133,3511.9424,2302
INDEX.CSI300,D,20231128,190000,3510.6554,3521.0463,3501.1093,3518.5232,2343
INDEX.CSI300,D,20231129,190000,3518.8836,3519.198,3482.2444,3488.3073,2552
INDEX.CSI300,D,20231130,190000,3485.5171,3504.9363,3481.4515,3496.2028,3311
INDEX.CSI300,D,20231201,190000,3494.2234,3494.2234,3452.1728,3482.8813,2370
INDEX.CSI300,D,20231204,190000,3481.0449,3487.9464,3459.611,3460.138,3230
INDEX.CSI300,D,20231205,190000,3450.0898,3450.0898,3393.8139,3394.2571,3234
INDEX.CSI300,D,20231206,190000,3387.8798,3420.2773,3382.9457,3399.598,3283
INDEX.CSI300,D,20231207,190000,3394.3064,3404.4005,3369.7675,3391.2823,3269
INDEX.CSI300,D,20231208,190000,3391.8585,3409.3845,3383.5191,3399.4618,3172
INDEX.CSI300,D,20231211,190000,3378.0517,3426.5957,3346.8902,3419.4548,2822
INDEX.CSI300,D,20231212,190000,3409.9976,3427.5456,3406.1013,3426.803,2930
INDEX.CSI300,D,20231213,190000,3418.6413,3418.6413,3369.605,3369.605,2801
INDEX.CSI300,D,20231214,190000,3387.3847,3399.1394,3350.7648,3351.9639,2889
INDEX.CSI300,D,20231215,190000,3365.9388,3388.5047,3339.519,3341.5517,2773
INDEX.CSI300,D,20231218,190000,3329.191,3352.333,3315.0218,3329.3657,2962
INDEX.CSI300,D,20231219,190000,3325.6596,3345.7795,3313.1874,3334.0412,2237
INDEX.CSI300,D,20231220,190000,3334.332,3338.5434,3297.3652,3297.5022,2313
